No,Keyword,Search Volume,CPC,Paid Difficulty,SEO Difficulty
1,compress audio,320,0.2959236,47,40
2,compress audio online,20,0,3,14
3,compress audio file,480,0.64363383,10,21
4,audio compressor,880,0.35510832,28,28
5,audio compressor online,30,0,6,15
6,free audio compressor,40,0.45868158,12,17
7,compress mp3,880,0.92476125,1,23
8,compress mp3 online,70,0.46607967,9,14
9,compress mp3 file,880,0,1,19
10,mp3 compressor,720,0.56225484,1,21
11,reduce mp3 file size,260,0.9617517,4,26
12,compress wav file,210,0.6658281,5,20
13,compress wav online,10,0,2,14
14,wav compressor,320,1.36124856,1,17
15,compress m4a file,30,0,2,14
16,compress m4a online,10,0,1,13
17,compress ogg file,10,0,1,13
18,compress flac file,0,0,1,12
19,compress aac file,10,0,43,26
20,reduce audio file size,140,1.14670395,15,24
21,reduce audio bitrate,10,0,1,13
22,lower audio bitrate,10,0,1,13
23,shrink audio file,10,0,1,13
24,make audio file smaller,30,0,6,7
25,audio file size reducer,110,0.6658281,18,23
26,compress audio without losing quality,10,0,1,5
27,compress podcast audio,0,0,1,12
28,compress voice memo,10,0,1,13
29,compress audio for email,0,0,1,4
30,compress audio for whatsapp,10,0,1,5
31,compress audio for discord,10,0,1,5
32,online audio compressor no upload,0,0,1,4
33,audio compressor no watermark,0,0,1,4
34,batch audio compressor,0,0,1,12
35,compress multiple audio files,10,0,1,5
36,audio compression tool,10,0,1,13
37,best audio compressor online,10,0,1,5
38,free mp3 compressor,10,0,4,15
39,free wav compressor,10,0,1,13
40,compress large audio file,0,0,1,4
41,audio size reducer online,10,0,1,5
42,mp3 file size reducer,260,1.2576753,3,21
43,compress audio 128kbps,0,0,1,12
44,compress audio bitrate converter,0,0,1,4
45,audio compressor browser,0,0,1,12
46,client side audio compressor,0,0,1,4
47,audio compressor no sign up,0,0,1,4
48,compress audiobook file,0,0,1,12
49,compress music file online,0,0,1,4
50,audio compression online free,20,0.854479395,20,12