No,Keyword,Volume,Position,Estimated Visits,Search Difficulty
1,video frame extractor,2900,1,1165,16
2,extract frames video,2900,1,1165,19
3,export frames from video,2900,1,1165,33
4,extract frames from video,2900,1,1165,21
5,frame extractor from video,2900,1,996,19
6,extract frame from video,2900,1,996,40
7,video frame,1900,1,642,42
8,frame extractor,1300,1,577,19
9,extract frames,1300,1,533,27
10,mp4 frame,320,1,145,25
11,video to frame,1300,3,26,22
12,video into frames,1300,3,26,29
13,export frame,70,1,23,31
14,video extract,880,4,22,17
15,extract video,880,3,22,22
16,frame exporter,70,1,21,15
17,get image from video,70,1,21,24
18,frame grabber,880,4,20,38
19,get video frame,70,1,20,18
20,get video frames,70,1,20,20
21,frame capture,50,1,19,33
22,watch a video frame by frame,50,1,18,31
23,see video frame by frame,50,1,18,25
24,extract all frames from video,50,1,18,22
25,video still frame,50,1,18,23
26,get first frame of video,30,1,18,13
27,first frame extractor,50,1,17,13
28,get images from video,70,1,17,34
29,frame save,320,2,17,36
30,how to save a frame from a video,50,1,16,40
31,how to view a video frame by frame,50,1,16,32
32,how to take a frame from a video,50,1,16,34
33,grabber video online,170,2,15,49
34,video frame viewer,40,1,14,25
35,view video frames,40,1,14,41
36,video frame splitter,50,1,13,20
37,remove frame from video,40,1,12,24
38,remove frames from video,40,1,12,67
39,how to see video frame by frame,40,1,12,35
40,extract still from video,40,1,12,40
41,extract images from video online,40,1,12,25
42,extract image from video online,40,1,12,25
43,extract stills from video,40,1,12,33
44,clip extractor,40,1,11,52
45,how to take a still frame from a video,30,1,11,32
46,what is the frame of a video picture,30,1,11,35
47,how to get frame by frame from a video,30,1,11,22
48,still frame from video,50,1,9,23
49,frame by frame capture,50,1,9,22
50,frame converter,50,2,5,20
51,video to frame extractor,30,1,4,19
52,copy video frame,30,1,4,45
53,how to extract images from video,70,4,4,33
54,free video frame,90,3,4,27
55,pull frame from video,30,1,4,28
56,video to frames extractor,30,1,4,22
57,video frames to images,30,3,3,32
58,extract last frame of video,40,2,3,9
59,youtube frame extractor,50,2,3,15
60,video to image frames,30,3,3,31
61,save frame,30,2,3,37
62,frame screenshot,30,2,3,33
63,how to extract image from video,70,2,3,20
64,frame grab,880,12,3,41
65,how to get an image from a video,590,7,3,27
66,extract frames from youtube video,40,2,3,18
67,frame grabber online,30,1,3,18
68,separate video into frames,30,3,3,28
69,extract frame from youtube video,40,2,3,19
70,what is a frame in video,50,4,2,31
71,capture stills from video,40,4,2,30
72,video frame to picture,30,2,2,27
73,how to split video into frames,50,3,2,33
74,delete frames from video,40,3,2,65
75,how to turn a video into frames,30,7,2,27
76,youtube frame downloader,40,4,2,15
77,watch video frame by frame,50,6,2,25
78,how to view video frame by frame,40,2,2,31
79,frame by frame viewer,40,3,2,36
80,youtube frame extractor online,30,4,2,12
81,split mp4 into frames,30,4,2,32
82,free video frames,90,3,2,26
83,video still capture,40,4,2,31
84,save image from video,40,3,2,35
85,what is frame in video,50,5,2,46
86,how to view videos frame by frame,40,2,2,30
87,video to image extract,30,2,2,29
88,extract pictures from video online,40,3,2,24
89,cut video into frames,40,3,2,29
90,extract image from mp4,30,2,2,29
91,frames converter,50,3,2,45
92,video to image extractor,30,1,2,24
93,what does export frame mean,30,17,1,28
94,extract video online,30,13,1,26
95,youtube frame grabber,20,10,1,26
96,remove frame,50,12,1,27
97,still shots from video,40,10,1,32
98,still image from video,30,5,1,37
99,what is a video frame,50,12,1,36
100,video to still picture,50,8,1,27
101,video frame to image,30,3,1,25
102,how to extract pictures from video,70,10,1,27
103,capturing images from video,70,8,1,27
104,vlc export frame,50,15,1,31
105,how to pull stills from video,30,6,1,25
106,download frames free,30,16,1,38
107,convert video in frames,30,8,1,26
108,how to take image from video,140,7,1,28
109,video image grabber,30,9,1,31
110,how to convert a video into frames,30,8,1,26
111,frame by frame video player online,30,6,1,29
112,extract frames from video android,30,10,1,29
113,how to get still images from video,140,6,1,36
114,youtube to frames,20,4,1,31
115,frames jpg,70,10,1,40
116,grab picture from video,30,7,1,30
117,extract frame from video android,30,16,1,28
118,still images from video,30,4,1,27
119,how to extract photo from video,70,14,1,33
120,youtube video frame download,30,8,1,25
121,convert video into frames,30,8,1,21
122,video to frame by frame,30,3,1,25
123,youtube video frame downloader,20,3,1,21
124,how to watch a video frame by frame,50,2,1,25
125,video to photo frame grabber,40,11,1,31
126,grab a video from website,90,75,0,32
127,vlc extract frame,30,19,0,27
128,how to take clips from a video,70,87,0,47
129,photo frame viewer,30,39,0,60
130,download frame io video,70,40,0,22
131,how to extract videos from websites,170,49,0,32
132,frame extractor gif,1000,62,0,20
133,export frame from video google photos,50,28,0,29
134,frameshots,140,27,0,20
135,screenshot frame,30,25,0,40
136,jpeg frames,40,46,0,29
137,download frames for photos,210,26,0,48
138,screenshot frames,30,23,0,35
139,frame player,30,23,0,40
140,take photo from a video,210,23,0,32
141,grab picture,70,47,0,33
142,capturing stills from video,40,5,0,47
143,grab photos from videos,30,33,0,34
144,google photos extract frame from video,50,28,0,29
145,pull photo,30,73,0,33
146,somewes frame,30,32,0,9
147,how to free up video ram,70,43,0,28
148,pull up a video,90,44,0,24
149,frame by frame website,40,31,0,27
150,capture still from video,40,5,0,39
151,frame transfer,40,39,0,38
152,p u l l photo,30,70,0,31
153,take photo from video,210,24,0,33
154,frame counter video,30,52,0,28
155,picture of decomposer,1600,42,0,27
156,video frame counter,50,63,0,14
157,gif frame extractor online,40,44,0,23
158,capture images from video,70,20,0,27
159,download frame.io video,70,35,0,22
160,movie frame by frame website,40,52,0,59
161,photo extraction,210,53,0,24
162,how to frame a video,50,35,0,29
163,vlc extract frames,30,20,0,24
164,grab photo from video,30,26,0,33
165,pic of video,3600,37,0,32
166,gif frame extractor,1000,60,0,16
167,every frame of a movie,50,64,0,60
168,how to download video from frame.io,50,30,0,22
169,frama,2900,83,0,25
170,vlc save frame,40,20,0,31
171,picture frame viewer,30,42,0,57
172,pulling stills from video,40,5,0,27
173,make picture from video,30,25,0,34
